Year,Country,Gender,Age,Time,Seconds
2023,KEN,M,35,02:02:42,7362.0
2023,KEN,M,H,02:03:13,7393.0
2023,ETH,M,H,02:03:24,7404.0
2023,KEN,M,30,02:04:22,7462.0
2023,ETH,M,H,02:04:42,7482.0
2023,ETH,M,30,02:04:44,7484.0
2023,KEN,M,30,02:04:49,7489.0
2023,KEN,M,H,02:04:56,7496.0
2023,GER,M,H,02:04:58,7498.0
2023,KEN,M,H,02:05:05,7505.0
2023,SUI,M,40,02:05:10,7510.0
2023,ERI,M,35,02:05:20,7520.0
2023,KEN,M,H,02:05:42,7542.0
2023,ETH,M,H,02:05:44,7544.0
2023,KEN,M,H,02:05:57,7557.0
2023,BEL,M,H,02:08:09,7689.0
2023,KEN,M,30,02:08:22,7702.0
2023,GER,M,H,02:08:28,7708.0
2023,KEN,M,H,02:08:47,7727.0
2023,GER,M,30,02:08:48,7728.0
2023,KEN,M,H,02:09:32,7772.0
2023,GBR,M,H,02:09:50,7790.0
2023,CHN,M,30,02:09:54,7794.0
2023,USA,M,H,02:10:16,7816.0
2023,ERI,M,30,02:10:24,7824.0
2023,ETH,M,H,02:11:04,7864.0
2023,USA,M,35,02:11:44,7904.0
2023,AUS,M,35,02:11:47,7907.0
2023,ETH,M,H,02:12:24,7944.0
2023,ETH,M,35,02:12:31,7951.0
2023,ERI,M,H,02:12:34,7954.0
2023,GER,M,30,02:12:39,7959.0
2023,MGL,M,30,02:12:41,7961.0
2023,POL,M,30,02:13:13,7993.0
2023,CHN,M,H,02:13:14,7994.0
2023,ECU,M,H,02:13:33,8013.0
2023,BEL,M,30,02:13:39,8019.0
2023,ECU,M,H,02:14:07,8047.0
2023,USA,M,35,02:14:28,8068.0
2023,POR,M,30,02:14:49,8089.0
2023,CHN,M,35,02:14:58,8098.0
2023,USA,M,30,02:15:25,8125.0
2023,ETH,M,35,02:15:40,8140.0
2023,CHN,M,30,02:15:40,8140.0
2023,URU,M,35,02:16:09,8169.0
2023,LTU,M,35,02:16:16,8176.0
2023,HKG,M,H,02:16:22,8182.0
2023,IRI,M,30,02:17:14,8234.0
2023,USA,M,30,02:17:20,8240.0
2023,GER,M,35,02:17:37,8257.0
2023,JPN,M,30,02:17:39,8259.0
2023,IRL,M,30,02:17:51,8271.0
2023,USA,M,H,02:17:51,8271.0
2023,USA,M,35,02:18:18,8298.0
2023,FRA,M,30,02:18:19,8299.0
2023,GBR,M,30,02:18:27,8307.0
2023,ECU,M,H,02:18:38,8318.0
2023,FRA,M,H,02:18:43,8323.0
2023,GER,M,H,02:19:15,8355.0
2023,GER,M,30,02:19:16,8356.0
2023,LUX,M,40,02:19:20,8360.0
2023,BRA,M,40,02:19:33,8373.0
2023,USA,M,35,02:19:36,8376.0
2023,ETH,M,H,02:19:39,8379.0
2023,GER,M,H,02:19:48,8388.0
2023,AUS,M,30,02:19:55,8395.0
2023,FRA,M,30,02:19:56,8396.0
2023,USA,M,30,02:20:02,8402.0
2023,GER,M,40,02:21:02,8462.0
2023,NOR,M,45,02:21:03,8463.0
2023,BEL,M,35,02:21:13,8473.0
2023,JOR,M,35,02:21:17,8477.0
2023,SUI,M,35,02:21:18,8478.0
2023,USA,M,H,02:22:03,8523.0
2023,RSA,M,30,02:22:12,8532.0
2023,ITA,M,H,02:22:12,8532.0
2023,USA,M,30,02:22:32,8552.0
2023,GBR,M,30,02:22:33,8553.0
2023,MEX,M,30,02:22:36,8556.0
2023,IRL,M,35,02:22:49,8569.0
2023,IRL,M,35,02:22:51,8571.0
2023,ARG,M,H,02:22:56,8576.0
2023,GBR,M,H,02:23:04,8584.0
2023,BEL,M,H,02:23:06,8586.0
2023,SWE,M,30,02:23:21,8601.0
2023,ESP,M,45,02:23:27,8607.0
2023,JPN,M,30,02:23:27,8607.0
2023,HKG,M,40,02:23:27,8607.0
2023,FIN,M,35,02:23:30,8610.0
2023,USA,M,H,02:23:30,8610.0
2023,BEL,M,30,02:23:31,8611.0
2023,USA,M,H,02:23:35,8615.0
2023,USA,M,H,02:23:41,8621.0
2023,IRL,M,40,02:23:49,8629.0
2023,SUI,M,H,02:23:51,8631.0
2023,USA,M,H,02:23:59,8639.0
2023,CHN,M,30,02:24:04,8644.0
2023,GBR,M,40,02:24:06,8646.0
2023,CHN,M,H,02:24:08,8648.0
2023,GBR,M,40,02:24:11,8651.0
2014,,M,30.0,02:02:57,7377.0
2014,,M,30.0,02:03:13,7393.0
2014,,M,20.0,02:05:56,7556.0
2014,,M,20.0,02:06:39,7599.0
2014,,M,20.0,02:07:28,7648.0
2014,,M,30.0,02:07:35,7655.0
2014,,M,20.0,02:08:33,7713.0
2014,,M,20.0,02:10:18,7818.0
2014,,M,20.0,02:10:27,7827.0
2014,,M,20.0,02:11:25,7885.0
2014,,M,30.0,02:11:36,7896.0
2014,,M,40.0,02:12:45,7965.0
2014,,M,30.0,02:12:49,7969.0
2014,,M,30.0,02:13:00,7980.0
2014,,M,35.0,02:14:35,8075.0
2014,,M,30.0,02:15:18,8118.0
2014,,M,20.0,02:16:43,8203.0
2014,,M,30.0,02:16:45,8205.0
2014,,M,35.0,02:17:25,8245.0
2014,,M,20.0,02:17:44,8264.0
2014,,M,20.0,02:19:11,8351.0
2014,,M,20.0,02:19:27,8367.0
2014,,M,30.0,02:19:36,8376.0
2014,,M,35.0,02:20:23,8423.0
2014,,M,30.0,02:20:27,8427.0
2014,,M,35.0,02:20:38,8438.0
2014,,M,20.0,02:20:39,8439.0
2014,,M,30.0,02:20:55,8455.0
2014,,M,30.0,02:22:18,8538.0
2014,,M,35.0,02:22:49,8569.0
2014,,M,30.0,02:23:02,8582.0
2014,,M,20.0,02:23:33,8613.0
2014,,M,40.0,02:24:04,8644.0
2014,,M,35.0,02:24:39,8679.0
2014,,M,30.0,02:25:14,8714.0
2014,,M,40.0,02:25:14,8714.0
2014,,M,40.0,02:25:25,8725.0
2014,,M,20.0,02:25:59,8759.0
2014,,M,30.0,02:26:06,8766.0
2014,,M,30.0,02:26:15,8775.0
2014,,M,20.0,02:26:22,8782.0
2014,,M,30.0,02:26:25,8785.0
2014,,M,40.0,02:26:31,8791.0
2014,,M,35.0,02:26:32,8792.0
2014,,M,40.0,02:26:39,8799.0
2014,,M,35.0,02:26:41,8801.0
2014,,M,20.0,02:26:42,8802.0
2014,,M,20.0,02:26:44,8804.0
2014,,M,35.0,02:27:03,8823.0
2014,,M,45.0,02:27:24,8844.0
2014,,M,30.0,02:27:33,8853.0
2014,,M,35.0,02:28:03,8883.0
2014,,M,40.0,02:28:06,8886.0
2014,,M,30.0,02:28:07,8887.0
2014,,M,40.0,02:28:18,8898.0
2014,,M,30.0,02:28:21,8901.0
2014,,M,35.0,02:28:34,8914.0
2014,,M,20.0,02:29:11,8951.0
2014,,M,30.0,02:29:20,8960.0
2014,,M,30.0,02:29:33,8973.0
2014,,M,35.0,02:29:38,8978.0
2014,,M,35.0,02:30:14,9014.0
2014,,M,30.0,02:30:28,9028.0
2014,,M,35.0,02:30:34,9034.0
2014,,M,35.0,02:30:36,9036.0
2014,,M,20.0,02:30:48,9048.0
2014,,M,35.0,02:30:53,9053.0
2014,,M,20.0,02:31:02,9062.0
2014,,M,40.0,02:31:06,9066.0
2014,,M,45.0,02:31:09,9069.0
2014,,M,30.0,02:31:14,9074.0
2014,,M,30.0,02:31:14,9074.0
2014,,M,40.0,02:31:29,9089.0
2014,,M,40.0,02:31:29,9089.0
2014,,M,35.0,02:31:36,9096.0
2014,,M,30.0,02:31:37,9097.0
2014,,M,30.0,02:31:41,9101.0
2014,,M,40.0,02:31:41,9101.0
2014,,M,35.0,02:31:47,9107.0
2014,,M,35.0,02:31:50,9110.0
2014,,M,30.0,02:31:52,9112.0
2014,,M,40.0,02:31:54,9114.0
2014,,M,20.0,02:31:59,9119.0
2014,,M,30.0,02:32:03,9123.0
2014,,M,30.0,02:32:15,9135.0
2014,,M,30.0,02:32:33,9153.0
2014,,M,45.0,02:32:38,9158.0
2014,,M,20.0,02:32:43,9163.0
2014,,M,30.0,02:32:44,9164.0
2014,,M,30.0,02:32:45,9165.0
2014,,M,30.0,02:32:49,9169.0
2014,,M,20.0,02:32:57,9177.0
2014,,M,35.0,02:33:02,9182.0
2014,,M,45.0,02:33:10,9190.0
2014,,M,40.0,02:33:23,9203.0
2014,,M,35.0,02:33:27,9207.0
2014,,M,30.0,02:33:32,9212.0
2014,,M,45.0,02:33:33,9213.0
2014,,M,20.0,02:33:55,9235.0
2014,,M,35.0,02:33:56,9236.0
2015,,M,30.0,02:04:00,7440.0
2015,,M,20.0,02:05:21,7521.0
2015,,M,20.0,02:06:57,7617.0
2015,,M,30.0,02:07:46,7666.0
2015,,M,30.0,02:09:29,7769.0
2015,,M,35.0,02:10:28,7828.0
2015,,M,20.0,02:10:31,7831.0
2015,,M,30.0,02:10:47,7847.0
2015,,M,20.0,02:11:54,7914.0
2015,,M,20.0,02:12:28,7948.0
2015,,M,20.0,02:12:32,7952.0
2015,,M,30.0,02:12:49,7969.0
2015,,M,20.0,02:12:50,7970.0
2015,,M,20.0,02:12:51,7971.0
2015,,M,20.0,02:13:57,8037.0
2015,,M,30.0,02:13:57,8037.0
2015,,M,35.0,02:14:51,8091.0
2015,,M,20.0,02:14:52,8092.0
2015,,M,30.0,02:14:52,8092.0
2015,,M,20.0,02:15:08,8108.0
2015,,M,20.0,02:15:14,8114.0
2015,,M,20.0,02:15:29,8129.0
2015,,M,35.0,02:15:30,8130.0
2015,,M,40.0,02:15:30,8130.0
2015,,M,20.0,02:15:34,8134.0
2015,,M,20.0,02:15:35,8135.0
2015,,M,20.0,02:15:38,8138.0
2015,,M,35.0,02:15:49,8149.0
2015,,M,20.0,02:15:54,8154.0
2015,,M,30.0,02:15:57,8157.0
2015,,M,20.0,02:16:17,8177.0
2015,,M,30.0,02:16:18,8178.0
2015,,M,20.0,02:16:30,8190.0
2015,,M,20.0,02:16:45,8205.0
2015,,M,35.0,02:16:55,8215.0
2015,,M,35.0,02:17:19,8239.0
2015,,M,20.0,02:17:44,8264.0
2015,,M,30.0,02:17:48,8268.0
2015,,M,20.0,02:18:12,8292.0
2015,,M,35.0,02:18:40,8320.0
2015,,M,30.0,02:18:44,8324.0
2015,,M,30.0,02:19:02,8342.0
2015,,M,30.0,02:19:09,8349.0
2015,,M,20.0,02:19:17,8357.0
2015,,M,30.0,02:19:30,8370.0
2015,,M,20.0,02:20:04,8404.0
2015,,M,30.0,02:20:16,8416.0
2015,,M,30.0,02:20:21,8421.0
2015,,M,30.0,02:20:38,8438.0
2015,,M,30.0,02:20:40,8440.0
2015,,M,35.0,02:21:09,8469.0
2015,,M,30.0,02:21:13,8473.0
2015,,M,35.0,02:21:31,8491.0
2015,,M,35.0,02:21:34,8494.0
2015,,M,30.0,02:21:51,8511.0
2015,,M,35.0,02:21:51,8511.0
2015,,M,30.0,02:22:18,8538.0
2015,,M,20.0,02:23:24,8604.0
2015,,M,20.0,02:23:29,8609.0
2015,,M,20.0,02:23:39,8619.0
2015,,M,30.0,02:23:55,8635.0
2015,,M,20.0,02:23:56,8636.0
2015,,M,20.0,02:24:00,8640.0
2015,,M,30.0,02:24:03,8643.0
2015,,M,35.0,02:24:28,8668.0
2015,,M,35.0,02:24:40,8680.0
2015,,M,30.0,02:24:47,8687.0
2015,,M,35.0,02:24:54,8694.0
2015,,M,20.0,02:25:11,8711.0
2015,,M,30.0,02:25:12,8712.0
2015,,M,35.0,02:25:13,8713.0
2015,,M,30.0,02:25:20,8720.0
2015,,M,35.0,02:25:29,8729.0
2015,,M,30.0,02:25:37,8737.0
2015,,M,40.0,02:25:38,8738.0
2015,,M,30.0,02:25:40,8740.0
2015,,M,35.0,02:25:49,8749.0
2015,,M,30.0,02:25:56,8756.0
2015,,M,20.0,02:26:00,8760.0
2015,,M,35.0,02:26:01,8761.0
2015,,M,30.0,02:26:07,8767.0
2015,,M,20.0,02:26:13,8773.0
2015,,M,40.0,02:26:13,8773.0
2015,,M,20.0,02:26:23,8783.0
2015,,M,40.0,02:26:24,8784.0
2015,,M,40.0,02:26:27,8787.0
2015,,M,35.0,02:26:28,8788.0
2015,,M,35.0,02:26:32,8792.0
2015,,M,35.0,02:26:35,8795.0
2015,,M,20.0,02:26:37,8797.0
2015,,M,30.0,02:26:38,8798.0
2015,,M,20.0,02:26:42,8802.0
2015,,M,20.0,02:26:43,8803.0
2015,,M,20.0,02:26:44,8804.0
2015,,M,40.0,02:26:44,8804.0
2015,,M,30.0,02:26:45,8805.0
2015,,M,30.0,02:26:51,8811.0
2015,,M,30.0,02:26:51,8811.0
2015,,M,40.0,02:26:52,8812.0
2015,,M,30.0,02:26:54,8814.0
2016,,M,30.0,02:03:03,7383.0
2016,,M,30.0,02:03:13,7393.0
2016,,M,20.0,02:05:31,7531.0
2016,,M,20.0,02:06:56,7616.0
2016,,M,20.0,02:07:47,7667.0
2016,,M,30.0,02:09:29,7769.0
2016,,M,30.0,02:09:46,7786.0
2016,,M,20.0,02:09:48,7788.0
2016,,M,30.0,02:10:01,7801.0
2016,,M,35.0,02:10:22,7822.0
2016,,M,40.0,02:10:24,7824.0
2016,,M,30.0,02:10:29,7829.0
2016,,M,20.0,02:11:03,7863.0
2016,,M,20.0,02:13:16,7996.0
2016,,M,40.0,02:13:57,8037.0
2016,,M,30.0,02:15:02,8102.0
2016,,M,30.0,02:15:10,8110.0
2016,,M,20.0,02:16:07,8167.0
2016,,M,35.0,02:16:49,8209.0
2016,,M,35.0,02:16:58,8218.0
2016,,M,20.0,02:17:56,8276.0
2016,,M,30.0,02:18:04,8284.0
2016,,M,30.0,02:18:18,8298.0
2016,,M,30.0,02:18:52,8332.0
2016,,M,20.0,02:18:55,8335.0
2016,,M,20.0,02:18:58,8338.0
2016,,M,30.0,02:19:00,8340.0
2016,,M,30.0,02:19:17,8357.0
2016,,M,20.0,02:19:23,8363.0
2016,,M,20.0,02:19:25,8365.0
2016,,M,30.0,02:20:12,8412.0
2016,,M,40.0,02:20:21,8421.0
2016,,M,20.0,02:20:28,8428.0
2016,,M,20.0,02:20:46,8446.0
2016,,M,20.0,02:21:46,8506.0
2016,,M,20.0,02:21:49,8509.0
2016,,M,20.0,02:21:53,8513.0
2016,,M,30.0,02:22:50,8570.0
2016,,M,30.0,02:23:01,8581.0
2016,,M,30.0,02:23:45,8625.0
2016,,M,20.0,02:24:09,8649.0
2016,,M,30.0,02:24:23,8663.0
2016,,M,35.0,02:24:25,8665.0
2016,,M,35.0,02:24:29,8669.0
2016,,M,35.0,02:24:39,8679.0
2016,,M,30.0,02:25:01,8701.0
2016,,M,20.0,02:25:41,8741.0
2016,,M,30.0,02:25:44,8744.0
2016,,M,30.0,02:25:45,8745.0
2016,,M,30.0,02:25:47,8747.0
2016,,M,30.0,02:25:56,8756.0
2016,,M,30.0,02:25:57,8757.0
2016,,M,35.0,02:26:04,8764.0
2016,,M,20.0,02:26:25,8785.0
2016,,M,20.0,02:26:26,8786.0
2016,,M,35.0,02:26:28,8788.0
2016,,M,40.0,02:26:28,8788.0
2016,,M,50.0,02:26:32,8792.0
2016,,M,35.0,02:26:51,8811.0
2016,,M,20.0,02:26:52,8812.0
2016,,M,35.0,02:27:04,8824.0
2016,,M,35.0,02:27:35,8855.0
2016,,M,30.0,02:27:50,8870.0
2016,,M,35.0,02:27:52,8872.0
2016,,M,35.0,02:27:55,8875.0
2016,,M,35.0,02:28:11,8891.0
2016,,M,40.0,02:28:19,8899.0
2016,,M,35.0,02:28:31,8911.0
2016,,M,50.0,02:28:34,8914.0
2016,,M,30.0,02:28:35,8915.0
2016,,M,35.0,02:28:44,8924.0
2016,,M,20.0,02:28:45,8925.0
2016,,M,35.0,02:28:50,8930.0
2016,,M,30.0,02:28:53,8933.0
2016,,M,35.0,02:29:00,8940.0
2016,,M,30.0,02:29:11,8951.0
2016,,M,20.0,02:29:15,8955.0
2016,,M,35.0,02:29:15,8955.0
2016,,M,45.0,02:29:17,8957.0
2016,,M,30.0,02:29:27,8967.0
2016,,M,30.0,02:29:32,8972.0
2016,,M,40.0,02:29:32,8972.0
2016,,M,40.0,02:29:32,8972.0
2016,,M,20.0,02:29:33,8973.0
2016,,M,40.0,02:29:33,8973.0
2016,,M,35.0,02:29:37,8977.0
2016,,M,30.0,02:29:52,8992.0
2016,,M,35.0,02:30:04,9004.0
2016,,M,35.0,02:30:11,9011.0
2016,,M,35.0,02:30:32,9032.0
2016,,M,35.0,02:30:48,9048.0
2016,,M,40.0,02:30:55,9055.0
2016,,M,30.0,02:30:57,9057.0
2016,,M,35.0,02:31:02,9062.0
2016,,M,35.0,02:31:13,9073.0
2016,,M,30.0,02:31:16,9076.0
2016,,M,35.0,02:31:17,9077.0
2016,,M,20.0,02:31:18,9078.0
2016,,M,30.0,02:31:21,9081.0
2016,,M,35.0,02:31:24,9084.0
2017,,M,30.0,02:03:32,7412.0
2017,,M,20.0,02:03:46,7426.0
2017,,M,20.0,02:06:09,7569.0
2017,,M,30.0,02:06:13,7573.0
2017,,M,30.0,02:06:14,7574.0
2017,,M,20.0,02:09:03,7743.0
2017,,M,20.0,02:11:24,7884.0
2017,,M,30.0,02:12:40,7960.0
2017,,M,30.0,02:12:52,7972.0
2017,,M,30.0,02:12:57,7977.0
2017,,M,30.0,02:13:10,7990.0
2017,,M,20.0,02:13:22,8002.0
2017,,M,20.0,02:14:28,8068.0
2017,,M,20.0,02:14:45,8085.0
2017,,M,20.0,02:15:05,8105.0
2017,,M,20.0,02:15:12,8112.0
2017,,M,20.0,02:15:32,8132.0
2017,,M,30.0,02:15:49,8149.0
2017,,M,30.0,02:15:50,8150.0
2017,,M,20.0,02:16:02,8162.0
2017,,M,20.0,02:16:03,8163.0
2017,,M,35.0,02:16:38,8198.0
2017,,M,20.0,02:16:53,8213.0
2017,,M,35.0,02:17:10,8230.0
2017,,M,30.0,02:17:17,8237.0
2017,,M,35.0,02:17:17,8237.0
2017,,M,30.0,02:17:37,8257.0
2017,,M,35.0,02:17:57,8277.0
2017,,M,20.0,02:18:09,8289.0
2017,,M,20.0,02:18:15,8295.0
2017,,M,30.0,02:18:19,8299.0
2017,,M,30.0,02:18:43,8323.0
2017,,M,20.0,02:18:52,8332.0
2017,,M,35.0,02:18:54,8334.0
2017,,M,35.0,02:18:55,8335.0
2017,,M,20.0,02:19:01,8341.0
2017,,M,20.0,02:19:20,8360.0
2017,,M,20.0,02:19:22,8362.0
2017,,M,30.0,02:19:24,8364.0
2017,,M,40.0,02:19:25,8365.0
2017,,M,20.0,02:19:26,8366.0
2017,,M,30.0,02:19:28,8368.0
2017,,M,30.0,02:19:35,8375.0
2017,,M,20.0,02:19:39,8379.0
2017,,M,20.0,02:19:41,8381.0
2017,,M,30.0,02:19:51,8391.0
2017,,M,35.0,02:20:06,8406.0
2017,,M,20.0,02:20:07,8407.0
2017,,M,20.0,02:20:14,8414.0
2017,,M,30.0,02:20:15,8415.0
2017,,M,20.0,02:20:18,8418.0
2017,,M,35.0,02:20:20,8420.0
2017,,M,20.0,02:21:58,8518.0
2017,,M,35.0,02:22:00,8520.0
2017,,M,20.0,02:22:09,8529.0
2017,,M,20.0,02:22:18,8538.0
2017,,M,30.0,02:22:30,8550.0
2017,,M,20.0,02:22:41,8561.0
2017,,M,20.0,02:23:03,8583.0
2017,,M,20.0,02:23:35,8615.0
2017,,M,30.0,02:23:45,8625.0
2017,,M,30.0,02:23:46,8626.0
2017,,M,30.0,02:24:11,8651.0
2017,,M,30.0,02:24:19,8659.0
2017,,M,45.0,02:24:23,8663.0
2017,,M,30.0,02:24:24,8664.0
2017,,M,35.0,02:24:26,8666.0
2017,,M,35.0,02:24:38,8678.0
2017,,M,30.0,02:24:51,8691.0
2017,,M,35.0,02:26:04,8764.0
2017,,M,20.0,02:26:35,8795.0
2017,,M,20.0,02:26:44,8804.0
2017,,M,20.0,02:26:44,8804.0
2017,,M,30.0,02:26:56,8816.0
2017,,M,20.0,02:27:11,8831.0
2017,,M,30.0,02:27:15,8835.0
2017,,M,40.0,02:27:21,8841.0
2017,,M,35.0,02:27:29,8849.0
2017,,M,40.0,02:27:32,8852.0
2017,,M,40.0,02:27:49,8869.0
2017,,M,20.0,02:27:55,8875.0
2017,,M,30.0,02:27:55,8875.0
2017,,M,30.0,02:28:17,8897.0
2017,,M,35.0,02:28:18,8898.0
2017,,M,30.0,02:28:19,8899.0
2017,,M,35.0,02:28:21,8901.0
2017,,M,40.0,02:28:22,8902.0
2017,,M,35.0,02:28:28,8908.0
2017,,M,20.0,02:28:36,8916.0
2017,,M,20.0,02:28:37,8917.0
2017,,M,20.0,02:28:41,8921.0
2017,,M,20.0,02:28:41,8921.0
2017,,M,20.0,02:28:42,8922.0
2017,,M,40.0,02:28:44,8924.0
2017,,M,30.0,02:28:45,8925.0
2017,,M,35.0,02:28:45,8925.0
2017,,M,30.0,02:28:46,8926.0
2017,,M,35.0,02:28:46,8926.0
2017,,M,35.0,02:28:46,8926.0
2017,,M,35.0,02:28:50,8930.0
2018,,M,30.0,02:01:39,7299.0
2018,,M,20.0,02:06:23,7583.0
2018,,M,35.0,02:06:48,7608.0
2018,,M,20.0,02:08:16,7696.0
2018,,M,35.0,02:08:46,7726.0
2018,,M,30.0,02:09:18,7758.0
2018,,M,30.0,02:09:56,7796.0
2018,,M,20.0,02:11:07,7867.0
2018,,M,20.0,02:12:57,7977.0
2018,,M,20.0,02:13:09,7989.0
2018,,M,30.0,02:13:43,8023.0
2018,,M,30.0,02:14:57,8097.0
2018,,M,35.0,02:15:00,8100.0
2018,,M,30.0,02:15:04,8104.0
2018,,M,20.0,02:15:19,8119.0
2018,,M,20.0,02:15:37,8137.0
2018,,M,20.0,02:16:26,8186.0
2018,,M,30.0,02:16:28,8188.0
2018,,M,30.0,02:16:39,8199.0
2018,,M,35.0,02:17:29,8249.0
2018,,M,20.0,02:17:48,8268.0
2018,,M,40.0,02:19:06,8346.0
2018,,M,20.0,02:19:14,8354.0
2018,,M,35.0,02:19:45,8385.0
2018,,M,30.0,02:19:53,8393.0
2018,,M,40.0,02:19:54,8394.0
2018,,M,20.0,02:20:18,8418.0
2018,,M,20.0,02:20:52,8452.0
2018,,M,30.0,02:21:01,8461.0
2018,,M,35.0,02:21:14,8474.0
2018,,M,20.0,02:21:54,8514.0
2018,,M,30.0,02:22:18,8538.0
2018,,M,20.0,02:22:31,8551.0
2018,,M,30.0,02:22:40,8560.0
2018,,M,20.0,02:23:00,8580.0
2018,,M,30.0,02:23:09,8589.0
2018,,M,30.0,02:23:11,8591.0
2018,,M,30.0,02:23:24,8604.0
2018,,M,40.0,02:23:26,8606.0
2018,,M,20.0,02:23:29,8609.0
2018,,M,30.0,02:23:57,8637.0
2018,,M,20.0,02:23:58,8638.0
2018,,M,30.0,02:24:03,8643.0
2018,,M,20.0,02:24:14,8654.0
2018,,M,30.0,02:24:19,8659.0
2018,,M,30.0,02:24:21,8661.0
2018,,M,20.0,02:24:38,8678.0
2018,,M,30.0,02:24:44,8684.0
2018,,M,20.0,02:25:05,8705.0
2018,,M,20.0,02:25:08,8708.0
2018,,M,20.0,02:25:20,8720.0
2018,,M,35.0,02:25:23,8723.0
2018,,M,20.0,02:25:30,8730.0
2018,,M,20.0,02:25:37,8737.0
2018,,M,35.0,02:25:41,8741.0
2018,,M,35.0,02:26:03,8763.0
2018,,M,35.0,02:26:09,8769.0
2018,,M,40.0,02:26:10,8770.0
2018,,M,30.0,02:26:14,8774.0
2018,,M,35.0,02:26:19,8779.0
2018,,M,30.0,02:26:21,8781.0
2018,,M,30.0,02:26:27,8787.0
2018,,M,35.0,02:26:47,8807.0
2018,,M,35.0,02:26:48,8808.0
2018,,M,30.0,02:26:57,8817.0
2018,,M,20.0,02:27:05,8825.0
2018,,M,35.0,02:27:05,8825.0
2018,,M,40.0,02:27:11,8831.0
2018,,M,30.0,02:27:27,8847.0
2018,,M,30.0,02:27:33,8853.0
2018,,M,30.0,02:27:37,8857.0
2018,,M,20.0,02:27:51,8871.0
2018,,M,20.0,02:27:53,8873.0
2018,,M,30.0,02:27:54,8874.0
2018,,M,40.0,02:27:55,8875.0
2018,,M,20.0,02:27:58,8878.0
2018,,M,40.0,02:28:05,8885.0
2018,,M,20.0,02:28:11,8891.0
2018,,M,40.0,02:28:15,8895.0
2018,,M,45.0,02:28:22,8902.0
2018,,M,30.0,02:28:30,8910.0
2018,,M,40.0,02:28:30,8910.0
2018,,M,40.0,02:28:32,8912.0
2018,,M,35.0,02:28:36,8916.0
2018,,M,20.0,02:28:37,8917.0
2018,,M,45.0,02:28:38,8918.0
2018,,M,40.0,02:28:43,8923.0
2018,,M,30.0,02:28:45,8925.0
2018,,M,30.0,02:29:01,8941.0
2018,,M,30.0,02:29:02,8942.0
2018,,M,20.0,02:29:03,8943.0
2018,,M,20.0,02:29:07,8947.0
2018,,M,30.0,02:29:19,8959.0
2018,,M,20.0,02:29:20,8960.0
2018,,M,30.0,02:29:29,8969.0
2018,,M,30.0,02:29:41,8981.0
2018,,M,30.0,02:29:42,8982.0
2018,,M,35.0,02:29:51,8991.0
2018,,M,20.0,02:29:54,8994.0
2018,,M,35.0,02:29:56,8996.0
2019,ETH,M,35.0,02:01:41,7301.0
2019,ETH,M,20.0,02:02:48,7368.0
2019,ETH,M,20.0,02:03:36,7416.0
2019,KEN,M,30.0,02:06:45,7605.0
2019,KEN,M,30.0,02:08:07,7687.0
2019,ERI,M,30.0,02:08:26,7706.0
2019,CHN,M,30.0,02:08:28,7708.0
2019,KEN,M,20.0,02:08:35,7715.0
2019,JPN,M,20.0,02:08:56,7736.0
2019,KEN,M,20.0,02:09:39,7779.0
2019,JPN,M,20.0,02:10:26,7826.0
2019,AUT,M,30.0,02:10:57,7857.0
2019,ITA,M,35.0,02:11:08,7868.0
2019,USA,M,30.0,02:11:14,7874.0
2019,SWE,M,30.0,02:11:50,7910.0
2019,GBR,M,30.0,02:12:29,7949.0
2019,TUR,M,20.0,02:12:41,7961.0
2019,ETH,M,20.0,02:13:19,7999.0
2019,USA,M,35.0,02:13:22,8002.0
2019,NED,M,20.0,02:13:38,8018.0
2019,IRL,M,35.0,02:13:39,8019.0
2019,ITA,M,30.0,02:13:48,8028.0
2019,ERI,M,30.0,02:13:51,8031.0
2019,ISR,M,20.0,02:13:53,8033.0
2019,GBR,M,30.0,02:13:57,8037.0
2019,MAR,M,20.0,02:14:02,8042.0
2019,CHN,M,20.0,02:14:05,8045.0
2019,AUT,M,30.0,02:14:17,8057.0
2019,JPN,M,20.0,02:14:27,8067.0
2019,CHN,M,20.0,02:14:31,8071.0
2019,FRA,M,20.0,02:14:32,8072.0
2019,CZE,M,20.0,02:14:35,8075.0
2019,BEL,M,35.0,02:14:39,8079.0
2019,GBR,M,35.0,02:14:40,8080.0
2019,BEL,M,30.0,02:14:43,8083.0
2019,USA,M,30.0,02:14:44,8084.0
2019,GER,M,30.0,02:14:54,8094.0
2019,MEX,M,30.0,02:14:54,8094.0
2019,ISR,M,20.0,02:14:58,8098.0
2019,KEN,M,30.0,02:15:00,8100.0
2019,CHN,M,20.0,02:15:03,8103.0
2019,USA,M,20.0,02:15:12,8112.0
2019,CHN,M,30.0,02:15:27,8127.0
2019,ISR,M,30.0,02:15:46,8146.0
2019,GBR,M,30.0,02:15:52,8152.0
2019,LTU,M,35.0,02:15:53,8153.0
2019,KOR,M,20.0,02:15:59,8159.0
2019,JPN,M,20.0,02:16:08,8168.0
2019,GER,M,30.0,02:16:09,8169.0
2019,SUI,M,30.0,02:16:10,8170.0
2019,NOR,M,30.0,02:16:37,8197.0
2019,GBR,M,30.0,02:16:56,8216.0
2019,LAT,M,30.0,02:16:59,8219.0
2019,TWN,M,35.0,02:17:05,8225.0
2019,GUA,M,30.0,02:17:09,8229.0
2019,USA,M,30.0,02:17:15,8235.0
2019,ISR,M,20.0,02:17:36,8256.0
2019,KOR,M,35.0,02:17:49,8269.0
2019,ROU,M,20.0,02:18:12,8292.0
2019,SUI,M,30.0,02:18:12,8292.0
2019,USA,M,35.0,02:18:27,8307.0
2019,GRE,M,20.0,02:18:37,8317.0
2019,GER,M,20.0,02:18:42,8322.0
2019,MEX,M,40.0,02:18:53,8333.0
2019,IRL,M,30.0,02:19:06,8346.0
2019,USA,M,35.0,02:19:35,8375.0
2019,MGL,M,30.0,02:19:39,8379.0
2019,CHN,M,20.0,02:19:46,8386.0
2019,FIN,M,30.0,02:19:51,8391.0
2019,JOR,M,30.0,02:20:08,8408.0
2019,ISR,M,30.0,02:20:14,8414.0
2019,NOR,M,40.0,02:20:15,8415.0
2019,SWE,M,35.0,02:20:17,8417.0
2019,GER,M,20.0,02:20:18,8418.0
2019,GER,M,20.0,02:20:29,8429.0
2019,LTU,M,35.0,02:20:29,8429.0
2019,NOR,M,20.0,02:20:50,8450.0
2019,BEL,M,20.0,02:20:51,8451.0
2019,NOR,M,30.0,02:21:09,8469.0
2019,ZAM,M,30.0,02:21:17,8477.0
2019,FRA,M,30.0,02:21:29,8489.0
2019,FRA,M,30.0,02:21:31,8491.0
2019,NOR,M,30.0,02:21:31,8491.0
2019,KOR,M,20.0,02:21:48,8508.0
2019,SWE,M,20.0,02:22:02,8522.0
2019,USA,M,20.0,02:22:03,8523.0
2019,USA,M,30.0,02:22:03,8523.0
2019,IRL,M,35.0,02:22:05,8525.0
2019,ESP,M,40.0,02:22:10,8530.0
2019,SWE,M,20.0,02:22:12,8532.0
2019,GBR,M,40.0,02:22:21,8541.0
2019,JPN,M,20.0,02:22:25,8545.0
2019,USA,M,35.0,02:22:30,8550.0
2019,KOR,M,30.0,02:22:40,8560.0
2019,ESP,M,40.0,02:23:02,8582.0
2019,NED,M,30.0,02:23:56,8636.0
2019,USA,M,30.0,02:24:23,8663.0
2019,CHN,M,20.0,02:24:25,8665.0
2019,USA,M,20.0,02:24:31,8671.0
2019,IRL,M,35.0,02:24:32,8672.0
2022,KEN,M,35,02:01:09,7269.0
2022,KEN,M,30,02:05:58,7558.0
2022,ETH,M,20,02:06:28,7588.0
2022,ETH,M,20,02:06:40,7600.0
2022,KEN,M,20,02:06:49,7609.0
2022,ETH,M,30,02:07:07,7627.0
2022,JPN,M,20,02:07:14,7634.0
2022,JPN,M,20,02:07:50,7670.0
2022,JPN,M,20,02:07:56,7676.0
2022,KEN,M,30,02:08:01,7681.0
2022,GER,M,30,02:09:06,7746.0
2022,JPN,M,20,02:09:40,7780.0
2022,JPN,M,20,02:10:18,7818.0
2022,JPN,M,20,02:10:27,7827.0
2022,JPN,M,20,02:10:29,7829.0
2022,CHN,M,20,02:11:18,7878.0
2022,JPN,M,20,02:11:39,7899.0
2022,JPN,M,20,02:11:41,7901.0
2022,MGL,M,30,02:12:00,7920.0
2022,ERI,M,30,02:12:12,7932.0
2022,AUT,M,35,02:12:16,7936.0
2022,ROU,M,30,02:13:39,8019.0
2022,GER,M,30,02:13:41,8021.0
2022,GER,M,20,02:14:02,8042.0
2022,JPN,M,20,02:14:09,8049.0
2022,GRE,M,30,02:14:15,8055.0
2022,GER,M,30,02:14:18,8058.0
2022,CHN,M,20,02:14:47,8087.0
2022,KEN,M,20,02:15:04,8104.0
2022,CHN,M,20,02:15:17,8117.0
2022,JPN,M,20,02:15:22,8122.0
2022,USA,M,35,02:15:33,8133.0
2022,JPN,M,20,02:15:43,8143.0
2022,USA,M,30,02:16:02,8162.0
2022,BEL,M,35,02:16:05,8165.0
2022,NOR,M,35,02:16:05,8165.0
2022,KEN,M,20,02:16:33,8193.0
2022,IRL,M,30,02:17:06,8226.0
2022,USA,M,35,02:17:20,8240.0
2022,SWE,M,30,02:17:50,8270.0
2022,USA,M,20,02:17:55,8275.0
2022,JPN,M,20,02:17:57,8277.0
2022,KEN,M,30,02:18:20,8300.0
2022,MEX,M,20,02:18:36,8316.0
2022,JOR,M,30,02:18:43,8323.0
2022,NED,M,30,02:19:10,8350.0
2022,USA,M,30,02:19:16,8356.0
2022,MGL,M,30,02:19:55,8395.0
2022,RSA,M,30,02:20:08,8408.0
2022,JPN,M,20,02:20:13,8413.0
2022,SWE,M,35,02:20:24,8424.0
2022,MEX,M,35,02:20:48,8448.0
2022,USA,M,20,02:20:58,8458.0
2022,CAN,M,35,02:21:47,8507.0
2022,JPN,M,30,02:21:48,8508.0
2022,ESP,M,40,02:21:50,8510.0
2022,USA,M,35,02:21:50,8510.0
2022,GER,M,35,02:21:55,8515.0
2022,NED,M,35,02:22:16,8536.0
2022,JPN,M,30,02:22:28,8548.0
2022,SUI,M,30,02:22:32,8552.0
2022,ITA,M,40,02:22:36,8556.0
2022,DEN,M,20,02:22:44,8564.0
2022,USA,M,20,02:22:45,8565.0
2022,GER,M,35,02:23:20,8600.0
2022,GBR,M,35,02:23:21,8601.0
2022,GER,M,20,02:23:58,8638.0
2022,GBR,M,20,02:24:06,8646.0
2022,USA,M,30,02:24:14,8654.0
2022,CRC,M,40,02:24:25,8665.0
2022,GBR,M,20,02:24:26,8666.0
2022,GRE,M,35,02:24:33,8673.0
2022,AUS,M,35,02:24:37,8677.0
2022,ITA,M,40,02:24:42,8682.0
2022,NED,M,30,02:24:59,8699.0
2022,BRA,M,30,02:25:08,8708.0
2022,NOR,M,30,02:25:11,8711.0
2022,USA,M,30,02:25:27,8727.0
2022,IRL,M,30,02:25:28,8728.0
2022,MEX,M,20,02:25:34,8734.0
2022,USA,M,35,02:25:35,8735.0
2022,GER,M,30,02:25:44,8744.0
2022,CAN,M,40,02:25:45,8745.0
2022,SUI,M,30,02:25:57,8757.0
2022,USA,M,30,02:26:00,8760.0
2022,GER,M,30,02:26:05,8765.0
2022,SUI,M,35,02:26:07,8767.0
2022,NED,M,30,02:26:36,8796.0
2022,AUT,M,35,02:26:37,8797.0
2022,USA,M,35,02:26:42,8802.0
2022,MEX,M,30,02:26:42,8802.0
2022,IRI,M,20,02:26:47,8807.0
2022,FRA,M,30,02:26:50,8810.0
2022,BEL,M,30,02:26:59,8819.0
2022,ESP,M,35,02:27:05,8825.0
2022,IRL,M,45,02:27:07,8827.0
2022,SWE,M,40,02:27:09,8829.0
2022,GBR,M,35,02:27:11,8831.0
2022,BUR,M,20,02:27:15,8835.0
2022,NOR,M,30,02:27:16,8836.0
2021,ETH,M,30,02:05:45,7545.0
2021,KEN,M,20,02:06:14,7574.0
2021,ETH,M,35,02:06:47,7607.0
2021,ETH,M,20,02:08:24,7704.0
2021,KEN,M,30,02:08:45,7725.0
2021,KEN,M,20,02:09:29,7769.0
2021,ERI,M,35,02:10:37,7837.0
2021,KEN,M,20,02:10:50,7850.0
2021,JPN,M,20,02:11:47,7907.0
2021,KEN,M,20,02:12:25,7945.0
2021,ETH,M,20,02:12:35,7955.0
2021,ISR,M,20,02:13:23,8003.0
2021,ERI,M,30,02:13:47,8027.0
2021,JPN,M,20,02:14:11,8051.0
2021,JPN,M,30,02:14:18,8058.0
2021,GER,M,30,02:15:01,8101.0
2021,ISR,M,30,02:16:13,8173.0
2021,NOR,M,40,02:17:17,8237.0
2021,MGL,M,20,02:18:28,8308.0
2021,GER,M,30,02:18:50,8330.0
2021,GBR,M,30,02:18:55,8335.0
2021,IRL,M,35,02:19:35,8375.0
2021,BEL,M,20,02:21:01,8461.0
2021,GBR,M,20,02:22:41,8561.0
2021,ETH,M,20,02:22:41,8561.0
2021,GER,M,20,02:23:26,8606.0
2021,NOR,M,20,02:23:27,8607.0
2021,KEN,M,20,02:24:38,8678.0
2021,GER,M,30,02:24:44,8684.0
2021,POL,M,30,02:24:49,8689.0
2021,ERI,M,20,02:24:53,8693.0
2021,GBR,M,35,02:25:01,8701.0
2021,GER,M,30,02:25:11,8711.0
2021,DOM,M,40,02:25:17,8717.0
2021,USA,M,30,02:25:25,8725.0
2021,FRA,M,40,02:25:39,8739.0
2021,IRL,M,40,02:25:47,8747.0
2021,RUS,M,40,02:25:51,8751.0
2021,SWE,M,45,02:26:28,8788.0
2021,BEL,M,30,02:26:38,8798.0
2021,POL,M,35,02:26:41,8801.0
2021,ITA,M,35,02:26:43,8803.0
2021,USA,M,20,02:26:57,8817.0
2021,USA,M,30,02:27:16,8836.0
2021,NED,M,30,02:27:17,8837.0
2021,POL,M,35,02:27:19,8839.0
2021,POL,M,40,02:27:43,8863.0
2021,GER,M,20,02:27:47,8867.0
2021,SWE,M,35,02:27:56,8876.0
2021,NOR,M,20,02:28:05,8885.0
2021,GBR,M,35,02:28:11,8891.0
2021,GBR,M,30,02:28:15,8895.0
2021,GER,M,40,02:28:26,8906.0
2021,FIN,M,35,02:28:38,8918.0
2021,GER,M,35,02:28:43,8923.0
2021,SWE,M,35,02:28:47,8927.0
2021,FRA,M,20,02:28:54,8934.0
2021,GER,M,35,02:28:59,8939.0
2021,FRA,M,30,02:29:10,8950.0
2021,COL,M,40,02:29:12,8952.0
2021,GER,M,30,02:29:12,8952.0
2021,SWE,M,35,02:29:25,8965.0
2021,NOR,M,30,02:29:47,8987.0
2021,GBR,M,30,02:29:48,8988.0
2021,FIN,M,30,02:29:49,8989.0
2021,ESP,M,45,02:29:52,8992.0
2021,GER,M,35,02:29:52,8992.0
2021,IRL,M,35,02:30:02,9002.0
2021,EGY,M,30,02:30:03,9003.0
2021,GBR,M,40,02:30:06,9006.0
2021,POL,M,35,02:30:22,9022.0
2021,USA,M,30,02:30:29,9029.0
2021,DEN,M,45,02:30:36,9036.0
2021,GBR,M,20,02:30:44,9044.0
2021,GBR,M,40,02:31:15,9075.0
2021,GER,M,30,02:31:25,9085.0
2021,ESP,M,45,02:31:28,9088.0
2021,GBR,M,35,02:31:43,9103.0
2021,FRA,M,45,02:31:59,9119.0
2021,IRL,M,45,02:32:01,9121.0
2021,DEN,M,45,02:32:05,9125.0
2021,USA,M,40,02:32:07,9127.0
2021,ESP,M,35,02:32:09,9129.0
2021,GER,M,20,02:32:10,9130.0
2021,ESP,M,30,02:32:14,9134.0
2021,ESP,M,30,02:32:15,9135.0
2021,VEN,M,35,02:32:16,9136.0
2021,ITA,M,35,02:32:19,9139.0
2021,FRA,M,30,02:32:19,9139.0
2021,POL,M,30,02:32:43,9163.0
2021,GBR,M,30,02:32:50,9170.0
2021,DEN,M,45,02:32:51,9171.0
2021,LTU,M,40,02:32:52,9172.0
2021,BEL,M,30,02:33:02,9182.0
2021,GBR,M,30,02:33:05,9185.0
2021,MEX,M,30,02:33:07,9187.0
2021,IRL,M,30,02:33:14,9194.0
2021,FRA,M,45,02:33:22,9202.0
2021,ITA,M,50,02:33:29,9209.0
2021,ESP,M,40,02:33:38,9218.0
2023,ETH,F,H,02:11:53,7913.0
2023,KEN,F,30,02:17:49,8269.0
2023,TAN,F,H,02:18:41,8321.0
2023,ETH,F,H,02:19:07,8347.0
2023,ETH,F,H,02:19:21,8361.0
2023,ETH,F,H,02:19:24,8364.0
2023,ETH,F,30,02:19:40,8380.0
2023,ETH,F,H,02:19:44,8384.0
2023,GBR,F,30,02:22:17,8537.0
2023,ETH,F,H,02:23:01,8581.0
2023,JPN,F,35,02:23:08,8588.0
2023,ROU,F,30,02:23:25,8605.0
2023,CAN,F,40,02:23:30,8610.0
2023,GER,F,30,02:23:47,8627.0
2023,SUI,F,30,02:25:27,8727.0
2023,COL,F,30,02:25:35,8735.0
2023,USA,F,H,02:27:02,8822.0
2023,USA,F,H,02:27:08,8828.0
2023,GER,F,H,02:27:35,8855.0
2023,UKR,F,H,02:28:59,8939.0
2023,USA,F,H,02:29:00,8940.0
2023,FRA,F,30,02:29:01,8941.0
2023,UZB,F,30,02:29:28,8968.0
2023,GER,F,30,02:29:38,8978.0
2023,GBR,F,30,02:30:54,9054.0
2023,GER,F,30,02:31:08,9068.0
2023,GER,F,30,02:31:33,9093.0
2023,CHN,F,H,02:32:15,9135.0
2023,GER,F,30,02:32:40,9160.0
2023,FRA,F,35,02:32:43,9163.0
2023,USA,F,30,02:32:48,9168.0
2023,AUS,F,35,02:33:19,9199.0
2023,FRA,F,30,02:33:26,9206.0
2023,AUS,F,40,02:34:29,9269.0
2023,GBR,F,H,02:35:42,9342.0
2023,GER,F,30,02:36:17,9377.0
2023,USA,F,H,02:36:23,9383.0
2023,USA,F,35,02:37:07,9427.0
2023,POL,F,30,02:37:27,9447.0
2023,GBR,F,H,02:37:48,9468.0
2023,USA,F,30,02:38:44,9524.0
2023,NED,F,45,02:39:02,9542.0
2023,POL,F,40,02:39:10,9550.0
2023,USA,F,35,02:39:14,9554.0
2023,GER,F,H,02:39:26,9566.0
2023,SUI,F,30,02:40:04,9604.0
2023,NED,F,30,02:40:31,9631.0
2023,IRL,F,30,02:40:56,9656.0
2023,NOR,F,30,02:40:59,9659.0
2023,AUS,F,H,02:41:07,9667.0
2023,USA,F,30,02:41:08,9668.0
2023,EST,F,35,02:41:19,9679.0
2023,SWE,F,35,02:41:22,9682.0
2023,AUS,F,30,02:41:29,9689.0
2023,GER,F,H,02:41:35,9695.0
2023,FRA,F,30,02:41:35,9695.0
2023,ECU,F,40,02:41:49,9709.0
2023,USA,F,H,02:42:01,9721.0
2023,GBR,F,35,02:42:04,9724.0
2023,USA,F,H,02:42:30,9750.0
2023,USA,F,30,02:42:31,9751.0
2023,FRA,F,35,02:42:43,9763.0
2023,GBR,F,30,02:43:14,9794.0
2023,GBR,F,35,02:43:25,9805.0
2023,USA,F,H,02:43:28,9808.0
2023,GER,F,30,02:44:04,9844.0
2023,USA,F,H,02:45:02,9902.0
2023,ESP,F,30,02:45:07,9907.0
2023,NED,F,45,02:45:07,9907.0
2023,IRL,F,35,02:45:10,9910.0
2023,RSA,F,35,02:45:29,9929.0
2023,GER,F,30,02:45:36,9936.0
2023,GER,F,30,02:45:48,9948.0
2023,GER,F,H,02:46:13,9973.0
2023,AUS,F,35,02:46:31,9991.0
2023,AUT,F,45,02:46:40,10000.0
2023,USA,F,30,02:46:44,10004.0
2023,GBR,F,35,02:47:04,10024.0
2023,USA,F,30,02:47:15,10035.0
2023,GBR,F,55,02:47:19,10039.0
2023,ALG,F,H,02:47:26,10046.0
2023,GER,F,H,02:47:34,10054.0
2023,NOR,F,40,02:47:38,10058.0
2023,USA,F,H,02:47:47,10067.0
2023,BRA,F,30,02:48:04,10084.0
2023,GBR,F,30,02:48:08,10088.0
2023,USA,F,30,02:48:10,10090.0
2023,USA,F,35,02:48:16,10096.0
2023,CAN,F,30,02:48:19,10099.0
2023,FRA,F,35,02:48:36,10116.0
2023,LIB,F,40,02:48:37,10117.0
2023,USA,F,35,02:48:38,10118.0
2023,FRA,F,30,02:48:55,10135.0
2023,RUS,F,30,02:48:56,10136.0
2023,GER,F,30,02:49:06,10146.0
2023,USA,F,H,02:49:24,10164.0
2023,USA,F,H,02:49:42,10182.0
2023,USA,F,H,02:49:46,10186.0
2023,NED,F,30,02:49:47,10187.0
2023,GER,F,40,02:49:48,10188.0
2014,,F,30.0,02:20:18,8418.0
2014,,F,20.0,02:20:27,8427.0
2014,,F,30.0,02:21:14,8474.0
2014,,F,20.0,02:23:02,8582.0
2014,,F,20.0,02:25:02,8702.0
2014,,F,30.0,02:26:25,8785.0
2014,,F,20.0,02:26:44,8804.0
2014,,F,20.0,02:26:48,8808.0
2014,,F,30.0,02:29:27,8967.0
2014,,F,30.0,02:38:05,9485.0
2014,,F,30.0,02:41:21,9681.0
2014,,F,20.0,02:42:19,9739.0
2014,,F,30.0,02:43:36,9816.0
2014,,F,35.0,02:46:38,9998.0
2014,,F,35.0,02:49:46,10186.0
2014,,F,35.0,02:50:12,10212.0
2014,,F,20.0,02:50:54,10254.0
2014,,F,20.0,02:51:29,10289.0
2014,,F,50.0,02:51:47,10307.0
2014,,F,30.0,02:52:00,10320.0
2014,,F,40.0,02:52:57,10377.0
2014,,F,40.0,02:53:15,10395.0
2014,,F,35.0,02:53:29,10409.0
2014,,F,20.0,02:53:31,10411.0
2014,,F,35.0,02:53:59,10439.0
2014,,F,35.0,02:54:14,10454.0
2014,,F,40.0,02:54:31,10471.0
2014,,F,40.0,02:54:41,10481.0
2014,,F,20.0,02:54:45,10485.0
2014,,F,35.0,02:55:36,10536.0
2014,,F,35.0,02:56:26,10586.0
2014,,F,45.0,02:56:27,10587.0
2014,,F,40.0,02:57:15,10635.0
2014,,F,40.0,02:57:25,10645.0
2014,,F,45.0,02:57:28,10648.0
2014,,F,20.0,02:57:40,10660.0
2014,,F,30.0,02:58:16,10696.0
2014,,F,40.0,02:58:26,10706.0
2014,,F,40.0,02:58:35,10715.0
2014,,F,45.0,02:58:52,10732.0
2014,,F,35.0,02:58:56,10736.0
2014,,F,20.0,02:59:17,10757.0
2014,,F,20.0,02:59:24,10764.0
2014,,F,35.0,02:59:26,10766.0
2014,,F,20.0,03:00:01,10801.0
2014,,F,35.0,03:00:22,10822.0
2014,,F,20.0,03:00:53,10853.0
2014,,F,30.0,03:01:11,10871.0
2014,,F,35.0,03:01:49,10909.0
2014,,F,35.0,03:02:37,10957.0
2014,,F,30.0,03:03:13,10993.0
2014,,F,40.0,03:03:37,11017.0
2014,,F,45.0,03:03:44,11024.0
2014,,F,20.0,03:03:48,11028.0
2014,,F,35.0,03:03:55,11035.0
2014,,F,45.0,03:03:57,11037.0
2014,,F,45.0,03:04:06,11046.0
2014,,F,45.0,03:04:32,11072.0
2014,,F,40.0,03:04:45,11085.0
2014,,F,40.0,03:05:06,11106.0
2014,,F,20.0,03:05:25,11125.0
2014,,F,40.0,03:05:44,11144.0
2014,,F,45.0,03:05:55,11155.0
2014,,F,30.0,03:05:56,11156.0
2014,,F,35.0,03:06:09,11169.0
2014,,F,35.0,03:06:11,11171.0
2014,,F,30.0,03:06:19,11179.0
2014,,F,35.0,03:07:04,11224.0
2014,,F,30.0,03:07:08,11228.0
2014,,F,45.0,03:07:09,11229.0
2014,,F,20.0,03:07:21,11241.0
2014,,F,20.0,03:07:24,11244.0
2014,,F,20.0,03:07:31,11251.0
2014,,F,55.0,03:07:40,11260.0
2014,,F,20.0,03:07:52,11272.0
2014,,F,20.0,03:07:59,11279.0
2014,,F,30.0,03:08:06,11286.0
2014,,F,35.0,03:08:13,11293.0
2014,,F,40.0,03:08:14,11294.0
2014,,F,35.0,03:08:40,11320.0
2014,,F,45.0,03:08:41,11321.0
2014,,F,40.0,03:08:45,11325.0
2014,,F,35.0,03:08:48,11328.0
2014,,F,30.0,03:08:49,11329.0
2014,,F,45.0,03:09:09,11349.0
2014,,F,35.0,03:09:13,11353.0
2014,,F,20.0,03:09:16,11356.0
2014,,F,35.0,03:09:19,11359.0
2014,,F,20.0,03:09:21,11361.0
2014,,F,35.0,03:09:26,11366.0
2014,,F,30.0,03:09:47,11387.0
2014,,F,40.0,03:09:48,11388.0
2014,,F,20.0,03:09:50,11390.0
2014,,F,30.0,03:09:57,11397.0
2014,,F,40.0,03:09:59,11399.0
2014,,F,35.0,03:10:11,11411.0
2014,,F,30.0,03:10:15,11415.0
2014,,F,30.0,03:10:19,11419.0
2014,,F,40.0,03:10:19,11419.0
2014,,F,50.0,03:10:28,11428.0
2015,,F,30.0,02:19:25,8365.0
2015,,F,20.0,02:20:48,8448.0
2015,,F,20.0,02:24:33,8673.0
2015,,F,20.0,02:25:01,8701.0
2015,,F,30.0,02:26:46,8806.0
2015,,F,35.0,02:26:49,8809.0
2015,,F,30.0,02:27:57,8877.0
2015,,F,20.0,02:28:00,8880.0
2015,,F,35.0,02:28:04,8884.0
2015,,F,20.0,02:28:24,8904.0
2015,,F,35.0,02:29:30,8970.0
2015,,F,30.0,02:29:41,8981.0
2015,,F,20.0,02:30:19,9019.0
2015,,F,30.0,02:31:27,9087.0
2015,,F,35.0,02:31:28,9088.0
2015,,F,40.0,02:31:56,9116.0
2015,,F,35.0,02:32:51,9171.0
2015,,F,30.0,02:33:21,9201.0
2015,,F,30.0,02:34:45,9285.0
2015,,F,30.0,02:35:12,9312.0
2015,,F,35.0,02:35:33,9333.0
2015,,F,30.0,02:36:03,9363.0
2015,,F,30.0,02:36:11,9371.0
2015,,F,20.0,02:36:58,9418.0
2015,,F,35.0,02:37:57,9477.0
2015,,F,20.0,02:38:36,9516.0
2015,,F,20.0,02:39:29,9569.0
2015,,F,20.0,02:39:52,9592.0
2015,,F,20.0,02:39:53,9593.0
2015,,F,30.0,02:40:11,9611.0
2015,,F,35.0,02:40:46,9646.0
2015,,F,40.0,02:41:28,9688.0
2015,,F,30.0,02:42:15,9735.0
2015,,F,20.0,02:42:19,9739.0
2015,,F,35.0,02:43:02,9782.0
2015,,F,30.0,02:43:15,9795.0
2015,,F,30.0,02:43:22,9802.0
2015,,F,20.0,02:44:30,9870.0
2015,,F,30.0,02:44:36,9876.0
2015,,F,30.0,02:44:58,9898.0
2015,,F,20.0,02:45:32,9932.0
2015,,F,20.0,02:46:20,9980.0
2015,,F,35.0,02:46:34,9994.0
2015,,F,30.0,02:46:47,10007.0
2015,,F,35.0,02:47:17,10037.0
2015,,F,30.0,02:47:50,10070.0
2015,,F,40.0,02:48:18,10098.0
2015,,F,30.0,02:50:14,10214.0
2015,,F,35.0,02:50:18,10218.0
2015,,F,20.0,02:50:32,10232.0
2015,,F,30.0,02:51:24,10284.0
2015,,F,40.0,02:51:31,10291.0
2015,,F,35.0,02:52:50,10370.0
2015,,F,35.0,02:53:47,10427.0
2015,,F,30.0,02:54:01,10441.0
2015,,F,35.0,02:54:10,10450.0
2015,,F,20.0,02:54:12,10452.0
2015,,F,20.0,02:54:41,10481.0
2015,,F,40.0,02:54:41,10481.0
2015,,F,20.0,02:54:42,10482.0
2015,,F,40.0,02:54:53,10493.0
2015,,F,30.0,02:56:04,10564.0
2015,,F,20.0,02:56:09,10569.0
2015,,F,30.0,02:56:21,10581.0
2015,,F,45.0,02:56:41,10601.0
2015,,F,45.0,02:56:44,10604.0
2015,,F,20.0,02:56:55,10615.0
2015,,F,40.0,02:57:03,10623.0
2015,,F,30.0,02:57:16,10636.0
2015,,F,30.0,02:57:17,10637.0
2015,,F,20.0,02:57:26,10646.0
2015,,F,40.0,02:57:37,10657.0
2015,,F,20.0,02:57:43,10663.0
2015,,F,40.0,02:57:45,10665.0
2015,,F,35.0,02:57:50,10670.0
2015,,F,20.0,02:58:01,10681.0
2015,,F,40.0,02:58:15,10695.0
2015,,F,40.0,02:58:19,10699.0
2015,,F,30.0,02:58:27,10707.0
2015,,F,30.0,02:58:38,10718.0
2015,,F,45.0,02:58:51,10731.0
2015,,F,35.0,02:58:55,10735.0
2015,,F,20.0,02:59:00,10740.0
2015,,F,20.0,02:59:26,10766.0
2015,,F,20.0,02:59:38,10778.0
2015,,F,45.0,02:59:43,10783.0
2015,,F,20.0,02:59:46,10786.0
2015,,F,40.0,02:59:48,10788.0
2015,,F,20.0,02:59:50,10790.0
2015,,F,35.0,03:00:07,10807.0
2015,,F,45.0,03:00:19,10819.0
2015,,F,20.0,03:00:30,10830.0
2015,,F,20.0,03:01:05,10865.0
2015,,F,45.0,03:01:21,10881.0
2015,,F,30.0,03:01:34,10894.0
2015,,F,35.0,03:01:37,10897.0
2015,,F,20.0,03:01:47,10907.0
2015,,F,30.0,03:02:21,10941.0
2015,,F,45.0,03:02:24,10944.0
2015,,F,40.0,03:02:29,10949.0
2016,,F,30.0,02:20:45,8445.0
2016,,F,20.0,02:23:58,8638.0
2016,,F,20.0,02:24:41,8681.0
2016,,F,20.0,02:28:16,8896.0
2016,,F,20.0,02:28:34,8914.0
2016,,F,20.0,02:29:35,8975.0
2016,,F,35.0,02:35:59,9359.0
2016,,F,30.0,02:37:28,9448.0
2016,,F,40.0,02:38:00,9480.0
2016,,F,35.0,02:39:10,9550.0
2016,,F,20.0,02:40:16,9616.0
2016,,F,35.0,02:42:38,9758.0
2016,,F,30.0,02:44:15,9855.0
2016,,F,40.0,02:44:46,9886.0
2016,,F,20.0,02:46:09,9969.0
2016,,F,20.0,02:48:38,10118.0
2016,,F,20.0,02:48:40,10120.0
2016,,F,20.0,02:49:02,10142.0
2016,,F,35.0,02:49:45,10185.0
2016,,F,20.0,02:50:04,10204.0
2016,,F,30.0,02:50:15,10215.0
2016,,F,30.0,02:50:17,10217.0
2016,,F,30.0,02:50:44,10244.0
2016,,F,40.0,02:51:31,10291.0
2016,,F,30.0,02:51:35,10295.0
2016,,F,20.0,02:51:40,10300.0
2016,,F,40.0,02:51:52,10312.0
2016,,F,30.0,02:51:54,10314.0
2016,,F,20.0,02:52:24,10344.0
2016,,F,40.0,02:52:32,10352.0
2016,,F,20.0,02:52:48,10368.0
2016,,F,35.0,02:52:52,10372.0
2016,,F,30.0,02:53:15,10395.0
2016,,F,20.0,02:53:25,10405.0
2016,,F,40.0,02:53:25,10405.0
2016,,F,20.0,02:53:40,10420.0
2016,,F,40.0,02:54:04,10444.0
2016,,F,45.0,02:54:22,10462.0
2016,,F,30.0,02:54:43,10483.0
2016,,F,35.0,02:54:49,10489.0
2016,,F,35.0,02:55:06,10506.0
2016,,F,50.0,02:55:10,10510.0
2016,,F,45.0,02:55:16,10516.0
2016,,F,35.0,02:55:26,10526.0
2016,,F,30.0,02:55:50,10550.0
2016,,F,30.0,02:56:14,10574.0
2016,,F,40.0,02:56:29,10589.0
2016,,F,30.0,02:56:34,10594.0
2016,,F,40.0,02:56:49,10609.0
2016,,F,40.0,02:57:07,10627.0
2016,,F,40.0,02:57:33,10653.0
2016,,F,35.0,02:57:34,10654.0
2016,,F,50.0,02:57:44,10664.0
2016,,F,35.0,02:57:50,10670.0
2016,,F,50.0,02:57:52,10672.0
2016,,F,30.0,02:57:59,10679.0
2016,,F,35.0,02:58:01,10681.0
2016,,F,30.0,02:58:05,10685.0
2016,,F,40.0,02:58:09,10689.0
2016,,F,45.0,02:58:14,10694.0
2016,,F,20.0,02:58:17,10697.0
2016,,F,40.0,02:58:23,10703.0
2016,,F,45.0,02:58:26,10706.0
2016,,F,35.0,02:58:27,10707.0
2016,,F,40.0,02:58:28,10708.0
2016,,F,18.0,02:58:29,10709.0
2016,,F,30.0,02:58:31,10711.0
2016,,F,35.0,02:58:39,10719.0
2016,,F,30.0,02:58:44,10724.0
2016,,F,35.0,02:58:51,10731.0
2016,,F,35.0,02:59:02,10742.0
2016,,F,35.0,02:59:03,10743.0
2016,,F,40.0,02:59:19,10759.0
2016,,F,30.0,02:59:23,10763.0
2016,,F,20.0,02:59:30,10770.0
2016,,F,20.0,02:59:39,10779.0
2016,,F,20.0,02:59:42,10782.0
2016,,F,35.0,02:59:42,10782.0
2016,,F,30.0,03:00:04,10804.0
2016,,F,35.0,03:00:05,10805.0
2016,,F,40.0,03:00:37,10837.0
2016,,F,30.0,03:01:01,10861.0
2016,,F,35.0,03:01:14,10874.0
2016,,F,20.0,03:01:24,10884.0
2016,,F,45.0,03:01:32,10892.0
2016,,F,40.0,03:01:34,10894.0
2016,,F,20.0,03:01:36,10896.0
2016,,F,20.0,03:01:39,10899.0
2016,,F,50.0,03:01:49,10909.0
2016,,F,20.0,03:01:56,10916.0
2016,,F,30.0,03:02:16,10936.0
2016,,F,20.0,03:02:22,10942.0
2016,,F,30.0,03:02:33,10953.0
2016,,F,40.0,03:02:43,10963.0
2016,,F,30.0,03:02:59,10979.0
2016,,F,20.0,03:03:12,10992.0
2016,,F,35.0,03:03:26,11006.0
2016,,F,30.0,03:03:30,11010.0
2016,,F,35.0,03:03:34,11014.0
2016,,F,30.0,03:03:39,11019.0
2017,,F,30.0,02:20:23,8423.0
2017,,F,20.0,02:20:41,8441.0
2017,,F,20.0,02:20:53,8453.0
2017,,F,20.0,02:22:51,8571.0
2017,,F,20.0,02:28:32,8912.0
2017,,F,45.0,02:28:34,8914.0
2017,,F,35.0,02:29:34,8974.0
2017,,F,35.0,02:30:31,9031.0
2017,,F,20.0,02:33:13,9193.0
2017,,F,30.0,02:33:24,9204.0
2017,,F,20.0,02:34:14,9254.0
2017,,F,30.0,02:34:16,9256.0
2017,,F,20.0,02:35:55,9355.0
2017,,F,30.0,02:37:05,9425.0
2017,,F,40.0,02:37:55,9475.0
2017,,F,35.0,02:38:27,9507.0
2017,,F,30.0,02:39:39,9579.0
2017,,F,20.0,02:40:36,9636.0
2017,,F,20.0,02:41:27,9687.0
2017,,F,30.0,02:41:50,9710.0
2017,,F,20.0,02:43:14,9794.0
2017,,F,35.0,02:44:39,9879.0
2017,,F,30.0,02:46:01,9961.0
2017,,F,20.0,02:46:03,9963.0
2017,,F,30.0,02:46:40,10000.0
2017,,F,30.0,02:47:02,10022.0
2017,,F,35.0,02:47:34,10054.0
2017,,F,20.0,02:47:49,10069.0
2017,,F,30.0,02:48:29,10109.0
2017,,F,30.0,02:48:45,10125.0
2017,,F,20.0,02:49:04,10144.0
2017,,F,20.0,02:49:08,10148.0
2017,,F,30.0,02:49:08,10148.0
2017,,F,40.0,02:49:11,10151.0
2017,,F,20.0,02:49:25,10165.0
2017,,F,20.0,02:49:45,10185.0
2017,,F,30.0,02:50:16,10216.0
2017,,F,30.0,02:50:17,10217.0
2017,,F,20.0,02:50:23,10223.0
2017,,F,40.0,02:50:39,10239.0
2017,,F,35.0,02:51:07,10267.0
2017,,F,45.0,02:51:16,10276.0
2017,,F,35.0,02:51:59,10319.0
2017,,F,40.0,02:52:30,10350.0
2017,,F,30.0,02:52:39,10359.0
2017,,F,20.0,02:52:45,10365.0
2017,,F,30.0,02:52:56,10376.0
2017,,F,30.0,02:53:23,10403.0
2017,,F,40.0,02:53:26,10406.0
2017,,F,30.0,02:53:28,10408.0
2017,,F,20.0,02:54:09,10449.0
2017,,F,30.0,02:54:38,10478.0
2017,,F,35.0,02:54:38,10478.0
2017,,F,40.0,02:55:21,10521.0
2017,,F,20.0,02:55:38,10538.0
2017,,F,30.0,02:55:47,10547.0
2017,,F,30.0,02:55:50,10550.0
2017,,F,45.0,02:56:05,10565.0
2017,,F,30.0,02:56:32,10592.0
2017,,F,20.0,02:56:34,10594.0
2017,,F,35.0,02:56:57,10617.0
2017,,F,30.0,02:56:58,10618.0
2017,,F,20.0,02:57:04,10624.0
2017,,F,35.0,02:57:12,10632.0
2017,,F,20.0,02:57:20,10640.0
2017,,F,30.0,02:57:29,10649.0
2017,,F,20.0,02:57:30,10650.0
2017,,F,40.0,02:57:34,10654.0
2017,,F,30.0,02:57:36,10656.0
2017,,F,35.0,02:57:39,10659.0
2017,,F,40.0,02:57:48,10668.0
2017,,F,40.0,02:58:07,10687.0
2017,,F,30.0,02:58:09,10689.0
2017,,F,20.0,02:58:13,10693.0
2017,,F,35.0,02:58:15,10695.0
2017,,F,30.0,02:58:24,10704.0
2017,,F,40.0,02:58:26,10706.0
2017,,F,30.0,02:58:33,10713.0
2017,,F,30.0,02:58:39,10719.0
2017,,F,40.0,02:58:42,10722.0
2017,,F,35.0,02:58:47,10727.0
2017,,F,45.0,02:58:59,10739.0
2017,,F,20.0,02:59:01,10741.0
2017,,F,45.0,02:59:08,10748.0
2017,,F,45.0,02:59:17,10757.0
2017,,F,20.0,02:59:26,10766.0
2017,,F,40.0,02:59:37,10777.0
2017,,F,35.0,02:59:56,10796.0
2017,,F,30.0,02:59:59,10799.0
2017,,F,30.0,03:00:25,10825.0
2017,,F,35.0,03:00:33,10833.0
2017,,F,20.0,03:00:37,10837.0
2017,,F,30.0,03:00:41,10841.0
2017,,F,45.0,03:00:41,10841.0
2017,,F,20.0,03:00:57,10857.0
2017,,F,40.0,03:01:03,10863.0
2017,,F,20.0,03:01:25,10885.0
2017,,F,20.0,03:01:31,10891.0
2017,,F,30.0,03:01:34,10894.0
2017,,F,20.0,03:02:02,10922.0
2018,,F,35.0,02:18:11,8291.0
2018,,F,20.0,02:18:34,8314.0
2018,,F,30.0,02:18:55,8335.0
2018,,F,35.0,02:21:18,8478.0
2018,,F,20.0,02:22:23,8543.0
2018,,F,20.0,02:22:48,8568.0
2018,,F,20.0,02:25:23,8723.0
2018,,F,20.0,02:25:27,8727.0
2018,,F,20.0,02:25:46,8746.0
2018,,F,20.0,02:27:29,8849.0
2018,,F,30.0,02:28:53,8933.0
2018,,F,40.0,02:30:47,9047.0
2018,,F,30.0,02:32:09,9129.0
2018,,F,30.0,02:32:41,9161.0
2018,,F,40.0,02:34:56,9296.0
2018,,F,20.0,02:37:05,9425.0
2018,,F,20.0,02:37:14,9434.0
2018,,F,30.0,02:37:35,9455.0
2018,,F,35.0,02:37:48,9468.0
2018,,F,20.0,02:38:05,9485.0
2018,,F,30.0,02:39:37,9577.0
2018,,F,45.0,02:40:11,9611.0
2018,,F,30.0,02:40:37,9637.0
2018,,F,20.0,02:40:50,9650.0
2018,,F,20.0,02:41:16,9676.0
2018,,F,40.0,02:41:34,9694.0
2018,,F,30.0,02:41:48,9708.0
2018,,F,30.0,02:42:57,9777.0
2018,,F,30.0,02:43:29,9809.0
2018,,F,30.0,02:44:27,9867.0
2018,,F,35.0,02:44:33,9873.0
2018,,F,20.0,02:44:44,9884.0
2018,,F,20.0,02:44:49,9889.0
2018,,F,20.0,02:46:24,9984.0
2018,,F,40.0,02:46:53,10013.0
2018,,F,30.0,02:46:55,10015.0
2018,,F,40.0,02:48:13,10093.0
2018,,F,35.0,02:48:15,10095.0
2018,,F,20.0,02:48:53,10133.0
2018,,F,20.0,02:48:59,10139.0
2018,,F,20.0,02:49:10,10150.0
2018,,F,40.0,02:49:27,10167.0
2018,,F,20.0,02:49:31,10171.0
2018,,F,30.0,02:49:33,10173.0
2018,,F,35.0,02:49:46,10186.0
2018,,F,35.0,02:50:33,10233.0
2018,,F,30.0,02:50:59,10259.0
2018,,F,35.0,02:51:17,10277.0
2018,,F,30.0,02:51:26,10286.0
2018,,F,30.0,02:51:44,10304.0
2018,,F,30.0,02:52:12,10332.0
2018,,F,20.0,02:52:26,10346.0
2018,,F,30.0,02:52:33,10353.0
2018,,F,40.0,02:52:34,10354.0
2018,,F,20.0,02:53:03,10383.0
2018,,F,20.0,02:53:42,10422.0
2018,,F,20.0,02:53:57,10437.0
2018,,F,45.0,02:54:42,10482.0
2018,,F,40.0,02:54:45,10485.0
2018,,F,40.0,02:54:46,10486.0
2018,,F,40.0,02:55:15,10515.0
2018,,F,40.0,02:55:20,10520.0
2018,,F,30.0,02:55:22,10522.0
2018,,F,40.0,02:55:29,10529.0
2018,,F,30.0,02:55:37,10537.0
2018,,F,30.0,02:55:38,10538.0
2018,,F,20.0,02:55:40,10540.0
2018,,F,45.0,02:55:44,10544.0
2018,,F,45.0,02:56:10,10570.0
2018,,F,20.0,02:56:25,10585.0
2018,,F,20.0,02:56:51,10611.0
2018,,F,40.0,02:57:00,10620.0
2018,,F,20.0,02:57:01,10621.0
2018,,F,40.0,02:57:06,10626.0
2018,,F,45.0,02:57:15,10635.0
2018,,F,30.0,02:57:23,10643.0
2018,,F,40.0,02:57:28,10648.0
2018,,F,20.0,02:57:39,10659.0
2018,,F,20.0,02:57:49,10669.0
2018,,F,40.0,02:57:54,10674.0
2018,,F,20.0,02:57:58,10678.0
2018,,F,20.0,02:58:03,10683.0
2018,,F,30.0,02:58:23,10703.0
2018,,F,45.0,02:58:24,10704.0
2018,,F,45.0,02:58:27,10707.0
2018,,F,40.0,02:58:30,10710.0
2018,,F,35.0,02:58:39,10719.0
2018,,F,35.0,02:58:39,10719.0
2018,,F,35.0,02:58:47,10727.0
2018,,F,30.0,02:58:51,10731.0
2018,,F,30.0,02:58:56,10736.0
2018,,F,45.0,02:59:02,10742.0
2018,,F,20.0,02:59:07,10747.0
2018,,F,40.0,02:59:09,10749.0
2018,,F,35.0,02:59:11,10751.0
2018,,F,50.0,02:59:11,10751.0
2018,,F,20.0,02:59:15,10755.0
2018,,F,30.0,02:59:16,10756.0
2018,,F,30.0,02:59:18,10758.0
2018,,F,30.0,02:59:20,10760.0
2019,ETH,F,30,2:20:14,8414.0
2019,ETH,F,30,2:20:21,8421.0
2019,KEN,F,30,2:21:06,8466.0
2019,ETH,F,H,2:21:36,8496.0
2019,USA,F,35,2:22:16,8536.0
2019,GER,F,H,2:23:57,8637.0
2019,USA,F,30,2:25:10,8710.0
2019,ETH,F,H,2:26:50,8810.0
2019,SUI,F,30,2:31:24,9084.0
2019,BEL,F,30,2:31:25,9085.0
2019,NED,F,30,2:31:29,9089.0
2019,CAN,F,40,2:32:27,9147.0
2019,USA,F,40,2:33:14,9194.0
2019,LTU,F,30,2:33:20,9200.0
2019,TWN,F,H,2:34:09,9249.0
2019,USA,F,35,2:34:43,9283.0
2019,USA,F,35,2:34:55,9295.0
2019,ESP,F,35,2:35:03,9303.0
2019,GER,F,30,2:35:33,9333.0
2019,USA,F,35,2:35:45,9345.0
2019,CAN,F,H,2:35:56,9356.0
2019,USA,F,30,2:36:13,9373.0
2019,GER,F,30,2:36:34,9394.0
2019,USA,F,30,2:37:27,9447.0
2019,DOM,F,45,2:38:13,9493.0
2019,HUN,F,30,2:39:21,9561.0
2019,CHN,F,H,2:39:46,9586.0
2019,HUN,F,40,2:40:01,9601.0
2019,CHN,F,H,2:40:33,9633.0
2019,HKG,F,H,2:41:09,9669.0
2019,GBR,F,30,2:41:18,9678.0
2019,RUS,F,30,2:41:26,9686.0
2019,GER,F,30,2:41:32,9692.0
2019,MGL,F,30,2:42:03,9723.0
2019,KAZ,F,H,2:42:04,9724.0
2019,USA,F,H,2:42:09,9729.0
2019,NED,F,30,2:42:25,9745.0
2019,BOL,F,H,2:42:28,9748.0
2019,LAT,F,30,2:42:30,9750.0
2019,GBR,F,30,2:42:51,9771.0
2019,USA,F,35,2:43:14,9794.0
2019,BEL,F,35,2:43:16,9796.0
2019,USA,F,35,2:44:21,9861.0
2019,ITA,F,H,2:44:29,9869.0
2019,USA,F,30,2:44:33,9873.0
2019,NED,F,40,2:44:44,9884.0
2019,IRL,F,35,2:44:54,9894.0
2019,LIB,F,35,2:45:29,9929.0
2019,USA,F,35,2:46:06,9966.0
2019,USA,F,30,2:46:14,9974.0
2019,SUI,F,35,2:46:24,9984.0
2019,HKG,F,H,2:46:34,9994.0
2019,GER,F,30,2:46:38,9998.0
2019,NOR,F,H,2:46:46,10006.0
2019,GBR,F,35,2:47:10,10030.0
2019,USA,F,35,2:47:11,10031.0
2019,GBR,F,35,2:47:13,10033.0
2019,IRL,F,H,2:47:19,10039.0
2019,USA,F,H,2:47:21,10041.0
2019,GER,F,30,2:47:21,10041.0
2019,GBR,F,H,2:48:21,10101.0
2019,GBR,F,35,2:48:42,10122.0
2019,USA,F,40,2:48:57,10137.0
2019,LAT,F,35,2:49:12,10152.0
2019,POR,F,30,2:49:36,10176.0
2019,GER,F,30,2:49:57,10197.0
2019,USA,F,H,2:50:14,10214.0
2019,CZE,F,30,2:50:56,10256.0
2019,AUS,F,35,2:51:05,10265.0
2019,USA,F,45,2:51:24,10284.0
2019,SUI,F,H,2:51:24,10284.0
2019,AUS,F,45,2:51:43,10303.0
2019,NOR,F,H,2:52:03,10323.0
2019,USA,F,30,2:52:11,10331.0
2019,GBR,F,35,2:52:18,10338.0
2019,LUX,F,45,2:52:39,10359.0
2019,COL,F,35,2:52:44,10364.0
2019,ECU,F,30,2:52:49,10369.0
2019,CHI,F,45,2:52:51,10371.0
2019,RUS,F,35,2:53:03,10383.0
2019,GBR,F,30,2:53:19,10399.0
2019,SWE,F,H,2:53:26,10406.0
2019,GBR,F,35,2:53:32,10412.0
2019,USA,F,40,2:53:52,10432.0
2019,GER,F,35,2:53:54,10434.0
2019,NOR,F,H,2:54:06,10446.0
2019,RUS,F,30,2:54:24,10464.0
2019,IRL,F,40,2:54:33,10473.0
2019,CHN,F,H,2:54:38,10478.0
2019,USA,F,30,2:54:41,10481.0
2019,USA,F,H,2:54:43,10483.0
2019,USA,F,H,2:54:59,10499.0
2019,AUS,F,50,2:55:07,10507.0
2019,GBR,F,30,2:55:30,10530.0
2019,USA,F,H,2:55:37,10537.0
2019,CAN,F,30,2:55:58,10558.0
2019,CRC,F,35,2:55:59,10559.0
2019,JPN,F,H,2:56:00,10560.0
2019,NOR,F,30,2:56:04,10564.0
2019,MEX,F,40,2:56:09,10569.0
2022,ETH,F,20,02:15:37,8137.0
2022,KEN,F,20,02:18:00,8280.0
2022,ETH,F,20,02:18:03,8283.0
2022,ETH,F,30,02:18:51,8331.0
2022,ETH,F,20,02:20:58,8458.0
2022,USA,F,35,02:21:48,8508.0
2022,JPN,F,20,02:21:55,8515.0
2022,JPN,F,30,02:22:02,8522.0
2022,JPN,F,20,02:22:13,8533.0
2022,KEN,F,20,02:22:21,8541.0
2022,ETH,F,30,02:22:28,8548.0
2022,CAN,F,40,02:23:12,8592.0
2022,ETH,F,20,02:23:14,8594.0
2022,ETH,F,20,02:23:37,8617.0
2022,AUS,F,40,02:24:00,8640.0
2022,KEN,F,20,02:25:12,8712.0
2022,JPN,F,30,02:25:17,8717.0
2022,KEN,F,30,02:25:22,8722.0
2022,JPN,F,20,02:25:54,8754.0
2022,JPN,F,20,02:28:15,8895.0
2022,GBR,F,40,02:28:15,8895.0
2022,ETH,F,20,02:28:38,8918.0
2022,USA,F,40,02:33:10,9190.0
2022,FRA,F,35,02:35:40,9340.0
2022,USA,F,30,02:35:40,9340.0
2022,CAN,F,35,02:35:42,9342.0
2022,USA,F,20,02:36:21,9381.0
2022,POL,F,20,02:37:26,9446.0
2022,IRL,F,35,02:38:11,9491.0
2022,IRL,F,20,02:38:18,9498.0
2022,IRL,F,35,02:38:19,9499.0
2022,USA,F,20,02:38:42,9522.0
2022,SUI,F,20,02:38:45,9525.0
2022,FRA,F,35,02:39:09,9549.0
2022,NED,F,30,02:39:56,9596.0
2022,USA,F,30,02:40:35,9635.0
2022,USA,F,20,02:41:00,9660.0
2022,LTU,F,35,02:42:56,9776.0
2022,GBR,F,30,02:43:27,9807.0
2022,SUI,F,35,02:44:13,9853.0
2022,USA,F,35,02:44:27,9867.0
2022,NOR,F,40,02:44:28,9868.0
2022,USA,F,20,02:44:30,9870.0
2022,USA,F,20,02:44:40,9880.0
2022,FRA,F,20,02:44:42,9882.0
2022,ITA,F,40,02:44:44,9884.0
2022,AUS,F,45,02:44:58,9898.0
2022,USA,F,45,02:45:12,9912.0
2022,USA,F,20,02:45:14,9914.0
2022,USA,F,40,02:45:50,9950.0
2022,USA,F,20,02:45:50,9950.0
2022,IRL,F,20,02:45:54,9954.0
2022,NED,F,30,02:45:55,9955.0
2022,GBR,F,35,02:46:02,9962.0
2022,GER,F,20,02:46:07,9967.0
2022,AUS,F,35,02:46:21,9981.0
2022,USA,F,20,02:46:29,9989.0
2022,USA,F,20,02:46:58,10018.0
2022,GER,F,20,02:47:11,10031.0
2022,MEX,F,30,02:47:11,10031.0
2022,FRA,F,40,02:47:57,10077.0
2022,GER,F,35,02:48:21,10101.0
2022,AUS,F,40,02:48:21,10101.0
2022,POL,F,40,02:48:31,10111.0
2022,GER,F,30,02:48:56,10136.0
2022,USA,F,20,02:49:32,10172.0
2022,MEX,F,30,02:49:36,10176.0
2022,NOR,F,30,02:49:50,10190.0
2022,GER,F,30,02:49:52,10192.0
2022,SWE,F,30,02:49:59,10199.0
2022,USA,F,30,02:50:50,10250.0
2022,USA,F,35,02:51:00,10260.0
2022,FRA,F,20,02:51:29,10289.0
2022,SRB,F,30,02:51:30,10290.0
2022,LTU,F,30,02:51:32,10292.0
2022,USA,F,35,02:51:35,10295.0
2022,USA,F,35,02:51:38,10298.0
2022,USA,F,30,02:51:43,10303.0
2022,USA,F,30,02:51:43,10303.0
2022,IRL,F,35,02:51:52,10312.0
2022,AUT,F,45,02:51:58,10318.0
2022,GBR,F,45,02:52:02,10322.0
2022,SUI,F,35,02:52:03,10323.0
2022,USA,F,50,02:52:05,10325.0
2022,GBR,F,30,02:52:10,10330.0
2022,USA,F,20,02:52:28,10348.0
2022,RUS,F,30,02:52:43,10363.0
2022,FRA,F,20,02:52:47,10367.0
2022,GER,F,20,02:52:58,10378.0
2022,USA,F,30,02:53:02,10382.0
2022,GBR,F,30,02:53:25,10405.0
2022,GBR,F,35,02:53:34,10414.0
2022,GRE,F,45,02:53:35,10415.0
2022,ITA,F,35,02:53:35,10415.0
2022,GER,F,40,02:53:48,10428.0
2022,USA,F,35,02:53:50,10430.0
2022,USA,F,35,02:53:53,10433.0
2022,USA,F,40,02:54:07,10447.0
2022,GBR,F,40,02:54:12,10452.0
2022,USA,F,30,02:54:22,10462.0
2021,ETH,F,20,02:20:09,8409.0
2021,ETH,F,20,02:21:23,8483.0
2021,ETH,F,20,02:23:05,8585.0
2021,KEN,F,35,02:24:33,8673.0
2021,ETH,F,20,02:24:43,8683.0
2021,KEN,F,20,02:24:58,8698.0
2021,POL,F,30,02:27:41,8861.0
2021,KEN,F,30,02:28:18,8898.0
2021,GER,F,20,02:28:49,8929.0
2021,SUI,F,30,02:30:37,9037.0
2021,HUN,F,30,02:31:08,9068.0
2021,SWE,F,40,02:33:23,9203.0
2021,BEL,F,30,02:34:44,9284.0
2021,NOR,F,20,02:35:34,9334.0
2021,KEN,F,20,02:37:41,9461.0
2021,CAN,F,20,02:38:08,9488.0
2021,USA,F,40,02:38:32,9512.0
2021,GBR,F,30,02:38:34,9514.0
2021,GER,F,50,02:39:36,9576.0
2021,IRL,F,20,02:40:06,9606.0
2021,POL,F,20,02:40:46,9646.0
2021,GER,F,30,02:42:00,9720.0
2021,GER,F,30,02:42:31,9751.0
2021,GER,F,40,02:43:30,9810.0
2021,ISR,F,30,02:44:37,9877.0
2021,GER,F,30,02:45:54,9954.0
2021,FIN,F,20,02:46:05,9965.0
2021,USA,F,20,02:47:39,10059.0
2021,SUI,F,20,02:49:32,10172.0
2021,CAN,F,35,02:49:47,10187.0
2021,CAN,F,35,02:50:00,10200.0
2021,NOR,F,20,02:50:05,10205.0
2021,CHI,F,40,02:50:53,10253.0
2021,USA,F,30,02:51:25,10285.0
2021,GER,F,20,02:51:27,10287.0
2021,GBR,F,35,02:51:33,10293.0
2021,GBR,F,40,02:52:11,10331.0
2021,UKR,F,30,02:52:18,10338.0
2021,USA,F,30,02:52:35,10355.0
2021,USA,F,35,02:52:37,10357.0
2021,SUI,F,35,02:52:56,10376.0
2021,ISL,F,30,02:53:19,10399.0
2021,BEL,F,35,02:54:12,10452.0
2021,USA,F,30,02:54:17,10457.0
2021,GER,F,20,02:54:19,10459.0
2021,POR,F,40,02:54:45,10485.0
2021,GBR,F,30,02:55:11,10511.0
2021,LAT,F,35,02:55:25,10525.0
2021,USA,F,35,02:55:31,10531.0
2021,AUS,F,50,02:55:43,10543.0
2021,IRL,F,35,02:56:03,10563.0
2021,GRE,F,40,02:56:49,10609.0
2021,UKR,F,30,02:56:58,10618.0
2021,GBR,F,35,02:57:39,10659.0
2021,GBR,F,35,02:57:45,10665.0
2021,MEX,F,50,02:58:16,10696.0
2021,FRA,F,50,02:58:17,10697.0
2021,LTU,F,35,02:58:25,10705.0
2021,SUI,F,30,02:58:29,10709.0
2021,GBR,F,35,02:58:41,10721.0
2021,USA,F,20,02:59:13,10753.0
2021,COL,F,35,02:59:26,10766.0
2021,GER,F,20,02:59:33,10773.0
2021,GBR,F,30,02:59:34,10774.0
2021,IRL,F,45,02:59:36,10776.0
2021,GER,F,30,02:59:54,10794.0
2021,GBR,F,40,03:00:19,10819.0
2021,GRE,F,45,03:00:27,10827.0
2021,SUI,F,35,03:00:27,10827.0
2021,GER,F,30,03:00:28,10828.0
2021,RUS,F,40,03:00:33,10833.0
2021,POR,F,45,03:00:36,10836.0
2021,USA,F,20,03:01:21,10881.0
2021,NOR,F,45,03:01:22,10882.0
2021,GER,F,30,03:01:53,10913.0
2021,PER,F,30,03:01:56,10916.0
2021,GER,F,40,03:01:59,10919.0
2021,BEL,F,20,03:01:59,10919.0
2021,VEN,F,30,03:02:00,10920.0
2021,DEN,F,20,03:02:01,10921.0
2021,BLR,F,35,03:02:03,10923.0
2021,USA,F,35,03:02:06,10926.0
2021,USA,F,45,03:02:20,10940.0
2021,USA,F,30,03:02:26,10946.0
2021,VEN,F,35,03:02:36,10956.0
2021,CAN,F,30,03:02:38,10958.0
2021,GER,F,30,03:02:55,10975.0
2021,USA,F,30,03:02:59,10979.0
2021,IRL,F,40,03:03:38,11018.0
2021,USA,F,50,03:03:49,11029.0
2021,NED,F,35,03:04:01,11041.0
2021,USA,F,30,03:04:07,11047.0
2021,NED,F,40,03:04:10,11050.0
2021,NED,F,20,03:04:10,11050.0
2021,USA,F,20,03:04:24,11064.0
2021,GER,F,35,03:04:34,11074.0
2021,FIN,F,45,03:04:52,11092.0
2021,USA,F,35,03:05:27,11127.0
2021,NOR,F,20,03:05:35,11135.0
2021,USA,F,20,03:05:39,11139.0
